supporter_id,first_name,last_name,age,address
8192,James,Menendez,44,001 Stacey lakes
5634,Christopher,Mckinney,59,02 Jasmine fork
8707,Robert,Gallegos,21,88 Brian way
5639,Joe,Knutson,54,9 Bell prairie
6152,Joshua,Shields,59,3 Dominic cape
7692,Donald,Fino,47,"Flat 5
Jones garden"
5650,Steven,Aderholt,28,"Studio 85
Potter cliff"
8723,Jesse,Parrott,45,"Studio 39
Kevin isle"
3608,Roderick,Ward,60,653 Brady union
8730,Eugene,Santander,21,"Flat 03x
White neck"
9242,William,Satterfield,74,"Flat 43w
Hall passage"
29,John,Dunn,30,"Flat 6
Douglas trafficway"
7202,Robert,Weidenbach,44,"Studio 59M
Shaw course"
2085,Tony,Robare,62,7 Marie parkway
4647,Rodney,Headley,24,"Flat 1
Elliott mountain"
3628,Jared,Cortez,42,58 Graham forest
8750,Stephen,Stone,74,423 Rose crossroad
5683,Chris,Foley,56,"Studio 69n
Danielle fords"
9268,Frank,Wall,37,90 Wright plaza
6195,Thomas,Kopecky,48,"Studio 74E
Adam harbor"
54,Jacob,Friedly,62,"Flat 1
Rhys ranch"
6711,William,Ramirez,47,"Flat 3
Hugh inlet"
9780,Edward,Ladwig,22,"Flat 96Z
Claire islands"
8762,Gerald,Mccabe,44,316 Taylor mountain
3644,Ernest,Hunter,33,"Studio 2
Harry crossing"
3135,James,Byard,53,06 Helen village
9798,Wilburn,Thomas,26,290 Kirsty track
6730,William,Prentice,50,9 Campbell mill
7756,Ramon,Linsky,73,57 Davison throughway
590,Jeffrey,Fitch,39,8 Russell prairie
7758,Edward,Poulsen,31,"Flat 43V
Pollard shores"
3157,Mohammad,West,70,"Flat 51
Moore flats"
8278,Hector,Cropper,58,"Flat 11
Josh station"
4695,Kevin,Lewis,48,"Flat 15
Kathleen ways"
8280,Robert,Smith,73,20 Turner passage
1628,Fred,Cates,20,"Studio 16q
Fletcher greens"
4189,Bryce,Dettinger,60,"Studio 02
Leon heights"
606,Anthony,Nichols,37,"Studio 26u
Morris glen"
2657,Richard,Sansom,52,6 Rosemary viaduct
4708,Brian,Charles,22,505 Kayleigh parkway
9829,David,Cooper,46,0 Banks lake
3687,Donald,Borsellino,65,6 Evans isle
3182,James,Dess,44,"Flat 6
Kelly way"
625,Dennis,Harmon,48,245 Smith freeway
1139,Robert,Peterson,47,"Flat 05y
Dawn stream"
2676,James,Dubinsky,69,3 Lesley curve
7801,Mark,Huntington,66,224 Claire square
5243,Roy,Ebeid,58,"Flat 56c
Jay squares"
1664,Neal,Singh,30,42 Quinn mall
1155,Henry,Lane,56,0 Edwards summit
